place_id,place_name,review_id,reviewer_name,rating,review_text,published_at,published_at_date,response_from_owner_text,response_from_owner_ago,response_from_owner_date,review_likes_count,total_number_of_reviews_by_reviewer,total_number_of_photos_by_reviewer,reviewer_url,is_local_guide,review_translated_text,response_from_owner_translated_text
ChIJ8WlwPi8XrjsRoio8OS1brLw,"Zinavo - Web Design Company in Bangalore, Web Development, SEO Services, Digital Marketing Agency, eCommerce Web Development",ChdDSUhNMG9nS0VJQ0FnSURWM0lMTV9nRRAB,Mahendran Mahee,5,A month of research and discussion led our team to select Zinavo Technologies as our Web Design Company. We now have one of the most impressive websites in the industry as a result of our decision. My sincere thanks go out to the Zinavo team.,a week ago,2023-12-12 21:14:59.043823,,,,1,2,,https://www.google.com/maps/contrib/117785148245071395971/reviews?entry=ttu,False,,
ChIJ8WlwPi8XrjsRoio8OS1brLw,"Zinavo - Web Design Company in Bangalore, Web Development, SEO Services, Digital Marketing Agency, eCommerce Web Development",ChdDSUhNMG9nS0VJQ0FnSUQ1cWVMcXN3RRAB,Mahendran Mahee,5,"I am very satisfied with the service I received from my favourite web design firm in Bangalore. This was at every stage before and after my website launch. The team will be available to make changes as and when we request them. Their response to our queries is immediate, which we rarely experience, especially after payment. Zinavo provides excellent customer service. My friends and colleagues will benefit from their services. Thank you again.",a week ago,2023-12-12 21:14:59.065825,"Thank you for your kind words, Mahendran Mahee! We are so glad that you had a positive experience with Zinavo and that our team was able to provide you with the HRM software customized to your needs. We look forward to continuing to provide you with excellent service in the future.",3 weeks ago,2023-11-28 21:14:59.065825,1,3,,https://www.google.com/maps/contrib/115355948955592460398/reviews?entry=ttu,False,,
ChIJ8WlwPi8XrjsRoio8OS1brLw,"Zinavo - Web Design Company in Bangalore, Web Development, SEO Services, Digital Marketing Agency, eCommerce Web Development",ChdDSUhNMG9nS0VJQ0FnSURWNU1mRmx3RRAB,Joshini S,5,Thank you very much for the excellent work you have done on our website. The final product is very satisfactory to me. I worked with the best web design company. Zinavo Technologies has been a great choice for me.,a week ago,2023-12-12 21:14:59.074829,,,,1,1,,https://www.google.com/maps/contrib/102688377605045260254/reviews?entry=ttu,False,,
ChIJ8WlwPi8XrjsRoio8OS1brLw,"Zinavo - Web Design Company in Bangalore, Web Development, SEO Services, Digital Marketing Agency, eCommerce Web Development",ChZDSUhNMG9nS0VJQ0FnSURGdW9LZWRREAE,VANAKAM DA MAPLA,5,I highly recommend this Web design and development company. The project was submitted on a certain date and time. The web design services provided by Zinavo were excellent. Our Zinavo team guided us with current trends and smart content ideas.,3 weeks ago,2023-11-28 21:14:59.100824,Thank you for your kind words and 5 star rating! We are so glad that Zinavo was able to meet your expectations and provide you with excellent web design services. We appreciate your business and look forward to working with you again in the future.,3 weeks ago,2023-11-28 21:14:59.100824,2,1,,https://www.google.com/maps/contrib/115772122543954973269/reviews?entry=ttu,False,,
ChIJ8WlwPi8XrjsRoio8OS1brLw,"Zinavo - Web Design Company in Bangalore, Web Development, SEO Services, Digital Marketing Agency, eCommerce Web Development",ChdDSUhNMG9nS0VJQ0FnSUNsdmVQQnN3RRAB,Latha Ramesh,5,"Zinavo is one of the best web designers in Bangalore when it comes to quality work and value for money. Because I am not a technical person, it was difficult for me to understand the stuff, but they helped me a lot and elaborated on the technicalities. The enthusiasm of the group is greatly appreciated. I would like to thank Zinavo and the entire team for their efforts.",3 weeks ago,2023-11-28 21:14:59.113826,"Thank you so much for your kind words, Latha! We are glad that you are pleased with our quality work and value for money. We appreciate your enthusiasm and are delighted that we were able to help you understand the technicalities. We are grateful for your support and look forward to working with you in the future.",3 weeks ago,2023-11-28 21:14:59.113826,2,1,,https://www.google.com/maps/contrib/102907510039412258051/reviews?entry=ttu,False,,
ChIJ8WlwPi8XrjsRoio8OS1brLw,"Zinavo - Web Design Company in Bangalore, Web Development, SEO Services, Digital Marketing Agency, eCommerce Web Development",ChdDSUhNMG9nS0VJQ0FnSUNscmI3Wm9nRRAB,Paruchuri Swetha,5,"We were very impressed with the Website Design Services. His friendly, energetic, and highly knowledgeable team executed Zinavos excellent and well-defined design strategy. I would like to mention the development team in particular.",3 weeks ago,2023-11-28 21:14:59.125824,"Thank you so much for your kind words, Swetha! We are delighted to hear that our team was able to exceed your expectations. We are especially proud of our development team and their hard work.",3 weeks ago,2023-11-28 21:14:59.125824,2,2,,https://www.google.com/maps/contrib/100402444789947966777/reviews?entry=ttu,False,,
ChIJ8WlwPi8XrjsRoio8OS1brLw,"Zinavo - Web Design Company in Bangalore, Web Development, SEO Services, Digital Marketing Agency, eCommerce Web Development",ChZDSUhNMG9nS0VJQ0FnSUNsMmFTZklREAE,Iron wolf Gang,5,I have been very pleased with Zinavos responsiveness and helpfulness while creating my website. Their approach to web design and online marketing is modern and artistic. It is a pleasure to work with Imrana and her team. My recommendation for anyone looking for an expert in e-commerce website design is them!,3 weeks ago,2023-11-28 21:14:59.136823,"Thank you for your kind words, Iron! We are so glad that you have enjoyed working with us and that you are pleased with the outcome of your website. We strive to provide our customers with the best service and modern, artistic design.",3 weeks ago,2023-11-28 21:14:59.136823,1,2,,https://www.google.com/maps/contrib/110536266018849032332/reviews?entry=ttu,False,,
ChIJ8WlwPi8XrjsRoio8OS1brLw,"Zinavo - Web Design Company in Bangalore, Web Development, SEO Services, Digital Marketing Agency, eCommerce Web Development",ChdDSUhNMG9nS0VJQ0FnSUNsaVlmNHJ3RRAB,Jeswin Prathap,5,,4 weeks ago,2023-11-21 21:14:59.152824,Thank you for your rating,3 weeks ago,2023-11-28 21:14:59.152824,0,,,,,,
ChIJ8WlwPi8XrjsRoio8OS1brLw,"Zinavo - Web Design Company in Bangalore, Web Development, SEO Services, Digital Marketing Agency, eCommerce Web Development",ChZDSUhNMG9nS0VJQ0FnSURGdXVtSGRBEAE,narashima vemula,5,"The Zinavo team, especially Senthuri and Franklin, provided excellent service. Our website has been designed and developed to international standards. A team of highly creative, energetic, and motivated individuals who are more than willing to go the extra mile to satisfy their customers. The developers listened to every single point I wanted on my website, and they came up with the perfect solution. I always came up with better ideas and approaches when I wasnt sure about something. I confirm every section of my website. If you have any questions or would like to make any changes and improvements, they are always available to help. Thank you for providing this type of service. Zinavo is my honest opinion the leading web design company for your web development needs.",a month ago,2023-11-19 21:14:59.173827,"Thank you for such a glowing review, Narashima! We are so pleased to hear that our team went above and beyond to make sure that your website was designed and developed to international standards. We are grateful for your feedback and are always available to help with any questions or changes you may have. We appreciate your kind words and are thankful for your support.",3 weeks ago,2023-11-28 21:14:59.173827,1,1,,https://www.google.com/maps/contrib/108501155540786326529/reviews?entry=ttu,False,,
ChIJ8WlwPi8XrjsRoio8OS1brLw,"Zinavo - Web Design Company in Bangalore, Web Development, SEO Services, Digital Marketing Agency, eCommerce Web Development",ChZDSUhNMG9nS0VJQ0FnSURGdXZpMUFnEAE,Dhana Lakshmi,5,It is a pleasure to work with Zinavo as they are one of the most talented web design companies Ive ever worked with. It was a pleasure working with them from day one and they kept me updated on everything. I highly recommend it...,a month ago,2023-11-19 21:14:59.195828,"Thank you for your wonderful review, Dhana Lakshmi! We are delighted to know that you had such a positive experience working with us. It is our goal to provide exceptional service to all of our customers and we are glad to have met your expectations.",3 weeks ago,2023-11-28 21:14:59.195828,1,1,,https://www.google.com/maps/contrib/110107832282366410051/reviews?entry=ttu,False,,
ChIJ8WlwPi8XrjsRoio8OS1brLw,"Zinavo - Web Design Company in Bangalore, Web Development, SEO Services, Digital Marketing Agency, eCommerce Web Development",ChdDSUhNMG9nS0VJQ0FnSURGdXJqZ3h3RRAB,Loki 2005,5,"The Zinavo team is the best place for all Website development needs for your business. They are highly professional and have a great work ethic. As we requested many changes for our website, they were always willing to make them necessary for a better customer experience. I am looking forward to working with your esteemed team shortly and highly recommend your service offerings to any customer. Thank you for everything you do.",a month ago,2023-11-19 21:15:00.278824,"Thank you for your kind words, Loki! We are delighted to hear that you are pleased with our service and we look forward to working with you again soon.",3 weeks ago,2023-11-28 21:15:00.278824,1,1,,https://www.google.com/maps/contrib/102732907499202077830/reviews?entry=ttu,False,,
ChIJ8WlwPi8XrjsRoio8OS1brLw,"Zinavo - Web Design Company in Bangalore, Web Development, SEO Services, Digital Marketing Agency, eCommerce Web Development",ChdDSUhNMG9nS0VJQ0FnSURGcXRhRXh3RRAB,Dhesigan R,5,"The company designed my companys website and did a good job. I hope that they will provide the service and maintenance as promised. All the details which make a website successful, big and small, are taken care of by the company, they are accessible and all in all, they are extremely customer-friendly. My experience with them has been good so far, and I am sure other customers will have the same.",a month ago,2023-11-19 21:15:00.314829,"Thank you for your positive review, Dhesigan! We are delighted to hear that your experience with us has been good so far and that we have taken care of all the details that make a website successful. We look forward to continuing to provide you with excellent service and maintenance.",3 weeks ago,2023-11-28 21:15:00.314829,1,1,,https://www.google.com/maps/contrib/116880827390833494170/reviews?entry=ttu,False,,
ChIJ8WlwPi8XrjsRoio8OS1brLw,"Zinavo - Web Design Company in Bangalore, Web Development, SEO Services, Digital Marketing Agency, eCommerce Web Development",ChdDSUhNMG9nS0VJQ0FnSURGcXNhVm9RRRAB,Jaga Mani,5,"We are very satisfied with Zinavos service. Imrana, Nithis, and Arun have been in touch with me. Together, they make a great team. Zinavo is my recommendation for anyone seeking professional web design and development services.",a month ago,2023-11-19 21:15:00.330823,"Thank you so much for the kind words, Jaga Mani! We are so glad to hear that Imrana, Nithis, and Arun have provided you with excellent service. We are honored to be your recommendation for web design and development services.",3 weeks ago,2023-11-28 21:15:00.330823,1,1,,https://www.google.com/maps/contrib/113749930748223693203/reviews?entry=ttu,False,,
ChIJ8WlwPi8XrjsRoio8OS1brLw,"Zinavo - Web Design Company in Bangalore, Web Development, SEO Services, Digital Marketing Agency, eCommerce Web Development",ChZDSUhNMG9nS0VJQ0FnSURGcXJxdmFREAE,Gurubaran S.E,5,A professional web design company that helped us to develop a web application on time and to a high standard of quality.,a month ago,2023-11-19 21:15:00.349826,"Thank you for the wonderful review, Gurubaran! Were glad to hear that we were able to help you develop a web application on time and to a high standard of quality.",3 weeks ago,2023-11-28 21:15:00.349826,1,1,2,https://www.google.com/maps/contrib/108076922861874932444/reviews?entry=ttu,False,,
ChIJ8WlwPi8XrjsRoio8OS1brLw,"Zinavo - Web Design Company in Bangalore, Web Development, SEO Services, Digital Marketing Agency, eCommerce Web Development",ChZDSUhNMG9nS0VJQ0FnSUNGZ18yZ1FBEAE,Monesh S,5,"Zinavo is a leading digital marketing agency in Bangalore. They provide small and large businesses with the most effective digital marketing solutions. Their digital marketing team is very talented, friendly, and professional.",a month ago,2023-11-19 21:15:00.366824,"Thank you for your kind words, Monesh! Were thrilled to hear that you had a positive experience with our digital marketing team. We look forward to continuing to provide effective digital marketing solutions to businesses of all sizes.",3 weeks ago,2023-11-28 21:15:00.366824,1,2,,https://www.google.com/maps/contrib/109962956137623508135/reviews?entry=ttu,False,,
ChIJ8WlwPi8XrjsRoio8OS1brLw,"Zinavo - Web Design Company in Bangalore, Web Development, SEO Services, Digital Marketing Agency, eCommerce Web Development",ChdDSUhNMG9nS0VJQ0FnSUNGZzczdXF3RRAB,Lingeshwar T,5,"I was very satisfied with Zinavos service. It is a trustworthy SEO company I would recommend to anyone seeking an SEO company. As well as social media marketing services like Facebook ads and Google ads, these services can generate quality leads. They have a very effective and helpful team.",a month ago,2023-11-19 21:15:00.386825,"Thank you for your kind words, Lingeshwar! We are glad to hear that you were satisfied with our service and that you would recommend us to others. We are proud to offer quality services such as SEO, Facebook ads, and Google ads to help generate leads.",3 weeks ago,2023-11-28 21:15:00.386825,1,1,,https://www.google.com/maps/contrib/115138394683551407216/reviews?entry=ttu,False,,
ChIJ8WlwPi8XrjsRoio8OS1brLw,"Zinavo - Web Design Company in Bangalore, Web Development, SEO Services, Digital Marketing Agency, eCommerce Web Development",ChZDSUhNMG9nS0VJQ0FnSUNGZzc3ZFBBEAE,    v    ,5,"Zinavo provided me with excellent service. I would recommend it to anyone searching for a reliable SEO company. Besides social media marketing, like Facebook and Google ads, quality leads can also be generated. They have a very effective and helpful team.",a month ago,2023-11-19 21:15:00.404825,"Thank you for your glowing review, Navin! Were glad to hear that our team was helpful and that you were able to generate quality leads. We appreciate your recommendation and 5-star rating!",3 weeks ago,2023-11-28 21:15:00.404825,1,2,,https://www.google.com/maps/contrib/108372712701972930832/reviews?entry=ttu,False,,
ChIJ8WlwPi8XrjsRoio8OS1brLw,"Zinavo - Web Design Company in Bangalore, Web Development, SEO Services, Digital Marketing Agency, eCommerce Web Development",ChZDSUhNMG9nS0VJQ0FnSUNGZzc3UU93EAE,Pradeep Kumar,5,It is a pleasure to work with the Zinavo team. They have developed my website according to my expectations and incorporated all my requests. Zinavo has a very professional team and understands what its customers need. It has been a pleasure working with Zinavo on my website design and development.,a month ago,2023-11-19 21:15:00.418825,"Thank you so much for your kind words, Pradeep! We are so glad to hear that you were pleased with our work. We pride ourselves on providing the best possible service for our customers and are delighted that you were satisfied with the results.",3 weeks ago,2023-11-28 21:15:00.418825,1,3,,https://www.google.com/maps/contrib/104515203287720926498/reviews?entry=ttu,False,,
ChIJ8WlwPi8XrjsRoio8OS1brLw,"Zinavo - Web Design Company in Bangalore, Web Development, SEO Services, Digital Marketing Agency, eCommerce Web Development",ChdDSUhNMG9nS0VJQ0FnSUNGNWJDMTN3RRAB,Gurudev Gurudev,5,"One of the leading digital marketing companies in Bangalore. The service is excellent at a reasonable price, and the team is dedicated! This is really a very pleasant experience.",a month ago,2023-11-19 21:15:00.430824,"Thank you for the kind words, Gurudev! We appreciate you taking the time to share your experience with us. We are delighted to hear that you had a pleasant experience with us!",3 weeks ago,2023-11-28 21:15:00.430824,1,2,,https://www.google.com/maps/contrib/117695768210054456838/reviews?entry=ttu,False,,
ChIJ8WlwPi8XrjsRoio8OS1brLw,"Zinavo - Web Design Company in Bangalore, Web Development, SEO Services, Digital Marketing Agency, eCommerce Web Development",ChZDSUhNMG9nS0VJQ0FnSUNGb0oza2N3EAE,YT GAMING,5,"I was referred to them by a friend when we discussed website design. After we contacted Sudhakar sir, he understood the whole content and concept I had in my head, and thats where I got such a comfortable space to design every feature in detail. The truth is that I cannot settle for ordinary. Their team did a great job throughout the project and even after 1 month of going live, they continued to support us without charging any additional fees. The work they do is clean and crisp. The designers did a great job coming up with better banner suggestions. I had a great experience overall and it was worth every penny! I am very pleased with the after-launch service. Thank you again.",a month ago,2023-11-19 21:15:00.453822,"Thank you for the wonderful review, YT GAMING! We are thrilled to hear that we exceeded your expectations and that our team was able to bring your vision to life. We are grateful for your kind words and we look forward to continuing to provide you with excellent service.",3 weeks ago,2023-11-28 21:15:00.453822,1,2,,https://www.google.com/maps/contrib/112622682054853002626/reviews?entry=ttu,False,,
ChIJQWbMS6wTrjsRUVo97n2K9Bs,"SeekNEO - Web Design Company in Bangalore, Web Development, SEO Services, Digital Marketing Agency, eCommerce Web Development",ChZDSUhNMG9nS0VJQ0FnSUNWczhHZEZBEAE,murali reddy,5,Our ecommerce design development by SeekNEO team is the best easily much better than our competitors. Good work team. Keep it up.,a week ago,2023-12-12 21:15:04.646831,,,,0,3,,https://www.google.com/maps/contrib/114604762097022336411/reviews?entry=ttu,False,,
ChIJQWbMS6wTrjsRUVo97n2K9Bs,"SeekNEO - Web Design Company in Bangalore, Web Development, SEO Services, Digital Marketing Agency, eCommerce Web Development",ChZDSUhNMG9nS0VJQ0FnSUM1aEtEUGVREAE,Shrutipurna Life Coach & Motivational Speaker,4,Im glad that I have made a wise decision to go with SeekNeo organization. Theyre really supportive and professional. Special thanks to Mr. Nitin & Mr. Ajay and entire team. I wish you good luck for your future endeavors.,2 months ago,2023-10-19 21:15:04.672828,"Dear Shrutipurna, Thanks for your review. We appreciate our relationship and trust you have on us. Our efforts will be always towards providing best experience and product.",a month ago,2023-11-19 21:15:04.672828,0,38,180,https://www.google.com/maps/contrib/109525346725891414496/reviews?entry=ttu,False,,
ChIJQWbMS6wTrjsRUVo97n2K9Bs,"SeekNEO - Web Design Company in Bangalore, Web Development, SEO Services, Digital Marketing Agency, eCommerce Web Development",ChdDSUhNMG9nS0VJQ0FnSURaazRhamt3RRAB,Praveen Poojary,5,Best development company in Bangalore,2 months ago,2023-10-19 21:15:04.699828,Your review mean a lot to us. Thanks for your support.,a month ago,2023-11-19 21:15:04.699828,0,1,8,https://www.google.com/maps/contrib/103092291658212020350/reviews?entry=ttu,False,,
ChIJQWbMS6wTrjsRUVo97n2K9Bs,"SeekNEO - Web Design Company in Bangalore, Web Development, SEO Services, Digital Marketing Agency, eCommerce Web Development",ChZDSUhNMG9nS0VJQ0FnSURacGJhc093EAE,Prashanth M S,5,Working with SeekNeo was an exceptional experience. They transformed our online presence with a beautifully designed and user-friendly website. Their attention to detail and responsiveness exceeded our expectations. The website developers expertise and creativity were truly remarkable. I highly recommend SeekNeo team for top-notch results !,2 months ago,2023-10-19 21:15:04.715824,Thank you!!!Glad to know that you are completely satisfied with our development team and the work is been delivered to you in time.Will surely look into the customer relationship and do the necessary changes if required.Once again thanks a lot for your valuable time.,2 months ago,2023-10-19 21:15:04.715824,0,127,79,https://www.google.com/maps/contrib/103812943747237132353/reviews?entry=ttu,False,,
ChIJQWbMS6wTrjsRUVo97n2K9Bs,"SeekNEO - Web Design Company in Bangalore, Web Development, SEO Services, Digital Marketing Agency, eCommerce Web Development",ChZDSUhNMG9nS0VJQ0FnSUNaei02MllREAE,Ashok kanchan,5,"They designed our companys website and did a good job. The company takes good care of customer requirements,they are accessible and all in all they are extremely customer friendly. I have had a very good experience with them  I am sure that other customers will have the same. I hope they are top web development company in Bangalore Special thanks to Mr.Manor who is Owner of this company.",2 months ago,2023-10-19 21:15:04.728826,"Hello Ashok, Thanks for your review. We appreciate our relationship and trust you have on us. Our efforts will be always towards providing best experience and product.",2 months ago,2023-10-19 21:15:04.728826,0,3,,https://www.google.com/maps/contrib/105007626315479995894/reviews?entry=ttu,False,,
ChIJQWbMS6wTrjsRUVo97n2K9Bs,"SeekNEO - Web Design Company in Bangalore, Web Development, SEO Services, Digital Marketing Agency, eCommerce Web Development",ChdDSUhNMG9nS0VJQ0FnSURwNFl6R3FBRRAB,arpita shetty,5,SeekNEO India is the best digital marketing firm in Bangalore. The team here has expert knowledge of their domain. They helped us redesign our website and our SEO ranking! We are very happy with the results and wish to recommend them to anyone looking for a trustworthy and efficient agency here.,3 months ago,2023-09-19 21:15:04.743820,"Thank you for your kind words, Arpita! Were thrilled to hear that our team exceeded your expectations and are pleased to assist with your digital presence and SEO.",3 months ago,2023-09-19 21:15:04.743820,0,2,,https://www.google.com/maps/contrib/111175607548089250038/reviews?entry=ttu,False,,
ChIJQWbMS6wTrjsRUVo97n2K9Bs,"SeekNEO - Web Design Company in Bangalore, Web Development, SEO Services, Digital Marketing Agency, eCommerce Web Development",ChZDSUhNMG9nS0VJQ0FnSURwNGZTdWNBEAE,Lohith Gowda,5,"The team is very professional, responsive, and dynamic. I am from Sweden and reached out to SeekNEO for my eCommerce website development. The distance really did not matter as their interaction through virtual calls was productive to understand the requirements and deliver the same. Thanks to the SeekNEO team and I am opting for their team for my digital marketing services too.",3 months ago,2023-09-19 21:15:04.756826,"Hello Lohith, Thanks for your review. We appreciate our relationship and trust you have on us. Our efforts will be always towards providing best experience and product.",3 months ago,2023-09-19 21:15:04.756826,0,2,,https://www.google.com/maps/contrib/107498077468738825621/reviews?entry=ttu,False,,
ChIJQWbMS6wTrjsRUVo97n2K9Bs,"SeekNEO - Web Design Company in Bangalore, Web Development, SEO Services, Digital Marketing Agency, eCommerce Web Development",ChdDSUhNMG9nS0VJQ0FnSURwNGRUd3FBRRAB,Madhu Sudhana,5,"SeekNEO, Ive gotten their help with digital marketing. One of Bangalores greatest options for digital marketing is this one. With their work and crew, Im quite pleased. Team, a big thank you.",3 months ago,2023-09-19 21:15:04.798827,"Dear Madhu, were thrilled to hear that you appreciate our team and found our leader to be always present. Thank you for trusting SeekNEO.",3 months ago,2023-09-19 21:15:04.798827,0,1,,https://www.google.com/maps/contrib/114783587510503205898/reviews?entry=ttu,False,,
ChIJQWbMS6wTrjsRUVo97n2K9Bs,"SeekNEO - Web Design Company in Bangalore, Web Development, SEO Services, Digital Marketing Agency, eCommerce Web Development",ChZDSUhNMG9nS0VJQ0FnSUNwdTlEbEhBEAE,shashvatha ganiga,5,Best team....Best service,4 months ago,2023-08-19 21:15:04.820823,Thank You Shashvatha for your valuable review on us.,3 months ago,2023-09-19 21:15:04.820823,0,2,1,https://www.google.com/maps/contrib/112811874159117430421/reviews?entry=ttu,False,,
ChIJQWbMS6wTrjsRUVo97n2K9Bs,"SeekNEO - Web Design Company in Bangalore, Web Development, SEO Services, Digital Marketing Agency, eCommerce Web Development",ChdDSUhNMG9nS0VJQ0FnSUNwNjR5cG93RRAB,vardhan vardhan,5,"When we were looking for social media marketing for our company, SeekNEO was contacted. They have been in charge of our social media marketing for more than eight months now. We approve of their selection of creatives and color schemes because they adhere to our brand specifications. One of the top digital marketing companies in Bangalore, SeekNEO, can meet client requirements",4 months ago,2023-08-19 21:15:04.840826,Thank You Vardhan for your valuable review. We always try to work up to our Clients satisfaction & will keep up the quality to the mark!,3 months ago,2023-09-19 21:15:04.840826,0,3,,https://www.google.com/maps/contrib/112390371589279825428/reviews?entry=ttu,False,,
ChIJQWbMS6wTrjsRUVo97n2K9Bs,"SeekNEO - Web Design Company in Bangalore, Web Development, SEO Services, Digital Marketing Agency, eCommerce Web Development",ChdDSUhNMG9nS0VJQ0FnSUNwX2FlZXFRRRAB,sampath ss,5,"SeekNEO Are Ready To Serve Creativity, Innovation & Different Viewpoints For Its Clients And Employees. Happy To Be A Team Member.",4 months ago,2023-08-19 21:15:05.880828,Your review mean a lot to us. Thanks for your support.,3 months ago,2023-09-19 21:15:05.880828,0,3,,https://www.google.com/maps/contrib/106365312667971155383/reviews?entry=ttu,False,,
ChIJQWbMS6wTrjsRUVo97n2K9Bs,"SeekNEO - Web Design Company in Bangalore, Web Development, SEO Services, Digital Marketing Agency, eCommerce Web Development",ChdDSUhNMG9nS0VJQ0FnSUNwamVuN25BRRAB,gnanendra reddy k,5,"Excellent web designing company. Good team, good response",4 months ago,2023-08-19 21:15:05.892828,Your review mean a lot to us. Thanks for your support.,3 months ago,2023-09-19 21:15:05.892828,0,2,,https://www.google.com/maps/contrib/116013578636629262710/reviews?entry=ttu,False,,
ChIJQWbMS6wTrjsRUVo97n2K9Bs,"SeekNEO - Web Design Company in Bangalore, Web Development, SEO Services, Digital Marketing Agency, eCommerce Web Development",ChdDSUhNMG9nS0VJQ0FnSUNwamVMcXJBRRAB,Hareesh M Y,5,Very good web designer,4 months ago,2023-08-19 21:15:05.912823,Your review mean a lot to us. Thanks for your support.,3 months ago,2023-09-19 21:15:05.912823,0,4,,https://www.google.com/maps/contrib/100715182659934220468/reviews?entry=ttu,False,,
ChIJQWbMS6wTrjsRUVo97n2K9Bs,"SeekNEO - Web Design Company in Bangalore, Web Development, SEO Services, Digital Marketing Agency, eCommerce Web Development",ChZDSUhNMG9nS0VJQ0FnSUNwamJ5dE93EAE,harshul jain,4,Excellent,4 months ago,2023-08-19 21:15:05.922824,Your review mean a lot to us. Thanks for your support.,3 months ago,2023-09-19 21:15:05.922824,0,1,,https://www.google.com/maps/contrib/110990524726227384676/reviews?entry=ttu,False,,
ChIJQWbMS6wTrjsRUVo97n2K9Bs,"SeekNEO - Web Design Company in Bangalore, Web Development, SEO Services, Digital Marketing Agency, eCommerce Web Development",ChdDSUhNMG9nS0VJQ0FnSUNwalpDX2lnRRAB,Shwetha shetty,5,SeekNEO India is the best digital marketing firm in Bangalore. The team here has expert knowledge of their domain. They helped us redesign our website and our SEO ranking! We are very happy with the results and wish to recommend them to anyone looking for a trustworthy and efficient agency here.,4 months ago,2023-08-19 21:15:05.936825,Thank You for Valuable Feedback. We appreciate the support you gave to us.!,3 months ago,2023-09-19 21:15:05.936825,0,2,,https://www.google.com/maps/contrib/116022440174907162657/reviews?entry=ttu,False,,
ChIJQWbMS6wTrjsRUVo97n2K9Bs,"SeekNEO - Web Design Company in Bangalore, Web Development, SEO Services, Digital Marketing Agency, eCommerce Web Development",ChZDSUhNMG9nS0VJQ0FnSUNwbGZEclRnEAE,Ranganatha MD MD,4,"SeekNEO helps with the problem of monitoring action items that come out of meetings, which is not only inconvenient but also prone to things sliding through the gaps which is a great undertaking for us.",4 months ago,2023-08-19 21:15:05.948824,Thank you!!!Glad to know that you are completely satisfied with our development team and the work is been delivered to you in time.Will surely look into the customer relationship and do the necessary changes if required.Once again thanks a lot for your valuable time.,3 months ago,2023-09-19 21:15:05.948824,0,2,,https://www.google.com/maps/contrib/101134474445261012517/reviews?entry=ttu,False,,
ChIJQWbMS6wTrjsRUVo97n2K9Bs,"SeekNEO - Web Design Company in Bangalore, Web Development, SEO Services, Digital Marketing Agency, eCommerce Web Development",ChZDSUhNMG9nS0VJQ0FnSUNwcGVmSUx3EAE,abijith akshetty,4,SeekNEO is well-known in Bangalore for its social media services. They fulfilled our needs very successfully and helped us get more contacts than we could imagine in such a short time! We are very happy with the way they handled the job at hand..,4 months ago,2023-08-19 21:15:05.964825,Thank you so much for your valuable comments Team SeekNEO,3 months ago,2023-09-19 21:15:05.964825,0,8,5,https://www.google.com/maps/contrib/104385699618120388796/reviews?entry=ttu,False,,
ChIJQWbMS6wTrjsRUVo97n2K9Bs,"SeekNEO - Web Design Company in Bangalore, Web Development, SEO Services, Digital Marketing Agency, eCommerce Web Development",ChdDSUhNMG9nS0VJQ0FnSUNwcGNXQTV3RRAB,G Creations,4,Their web development services are top notch. Everything from their customer service to the quality of their work was first class. My website is now running smoother than ever before and I couldnt be happier with my experience working with them. Highly recommend seeKNEO if youre looking for a reliable web development company,4 months ago,2023-08-19 21:15:05.981832,Thank you for you valuable comments!!!,3 months ago,2023-09-19 21:15:05.981832,0,2,,https://www.google.com/maps/contrib/105671755110434911566/reviews?entry=ttu,False,,
ChIJQWbMS6wTrjsRUVo97n2K9Bs,"SeekNEO - Web Design Company in Bangalore, Web Development, SEO Services, Digital Marketing Agency, eCommerce Web Development",ChdDSUhNMG9nS0VJQ0FnSUNwbVo2eHlnRRAB,Shashirekha Hs,5,"We got the best e-commerce development services at SeekNEO. The team helped us with all website changes according to the latest trends and gave us the ideal results. At SeekNEO, the web developers has a good experience in developing and designing the website according to the clients requirements.",4 months ago,2023-08-19 21:15:06.007822,Thank you for you valuable comments!!!,3 months ago,2023-09-19 21:15:06.007822,0,1,,https://www.google.com/maps/contrib/109327459940579597423/reviews?entry=ttu,False,,
ChIJQWbMS6wTrjsRUVo97n2K9Bs,"SeekNEO - Web Design Company in Bangalore, Web Development, SEO Services, Digital Marketing Agency, eCommerce Web Development",ChdDSUhNMG9nS0VJQ0FnSUNweVltLWhnRRAB,Asha Poojary,5,One of the best company for taking your business to SeeKNEO. Best Digital Marketing Company in India,4 months ago,2023-08-19 21:15:06.022823,"Dear Asha, thank you for your kind words! Were glad to hear our services meet your expectations.",3 months ago,2023-09-19 21:15:06.022823,0,1,,https://www.google.com/maps/contrib/115008050730502647921/reviews?entry=ttu,False,,
ChIJKZmoZkUUrjsRG5hdHooWJ2Y,"Webomindapps - Web Design Company in Bangalore, Web Application Development,eCommerce Web Development",ChdDSUhNMG9nS0VJQ0FnSUNsLV92V3BnRRAB,Narendra Edara,5,"We had a very positive experience with Webomindapps when they designed the website for our company. A team of experts from their company demonstrated professionalism and skill over a period of four months, resulting in a visually appealing and seamlessly functioning platform, which perfectly reflects our brand. Communication with Webomindapps was excellent, as they were always receptive to feedback, and they delivered within the agreed timeline. Having worked with Webomindapps, we were truly impressed by their design skills and unwavering commitment to quality.",3 weeks ago,2023-11-28 21:15:59.291491,,,,0,1,,https://www.google.com/maps/contrib/107651867086868595608/reviews?entry=ttu,False,,
ChIJKZmoZkUUrjsRG5hdHooWJ2Y,"Webomindapps - Web Design Company in Bangalore, Web Application Development,eCommerce Web Development",ChdDSUhNMG9nS0VJQ0FnSURGM2JmZjRRRRAB,RLFC,5,We have associated with Webomindapps recently for our website development and it was an amazing work. Their work has been appreciated not only by us but by customer and vendor as well. Their technical team has been very helpful to understand our requirement and executed the same very neatly. Though their interaction with us was very recent but we never felt the gap. Thanks to Webomindapps Team.,3 weeks ago,2023-11-28 21:15:59.309489,,,,0,1,,https://www.google.com/maps/contrib/102675638400635819156/reviews?entry=ttu,False,,
ChIJKZmoZkUUrjsRG5hdHooWJ2Y,"Webomindapps - Web Design Company in Bangalore, Web Application Development,eCommerce Web Development",ChZDSUhNMG9nS0VJQ0FnSUNGazctTEt3EAE,Abhilash Ayodhya,1,"Very bad approach to customers, if we request 10 more times for a reply , they never needs customers I think I called for a app related works I faced a very difficult interaction from webomindapps Some employees discharging that company I hope",a month ago,2023-11-19 21:15:59.326498,,,,0,459,772,https://www.google.com/maps/contrib/107880654992331304870/reviews?entry=ttu,True,,
ChIJKZmoZkUUrjsRG5hdHooWJ2Y,"Webomindapps - Web Design Company in Bangalore, Web Application Development,eCommerce Web Development",ChZDSUhNMG9nS0VJQ0FnSUQ1by1LWU9BEAE,SEO Manager,5,"Webomindapps Private Limited exceeded our expectations in delivering exceptional website development services for Guidance Plus Private Limited. Their team displayed a remarkable level of professionalism, technical expertise, and commitment to our project. From the initial consultation to the final deployment, they ensured that our vision was translated into a user-friendly, visually appealing website. They seamlessly integrated our specific requirements and provided valuable insights to enhance the user experience and functionality. Communication was outstanding, with regular updates and a transparent approach. The final product was not only visually stunning but also optimized for performance and SEO. We highly recommend Webomindapps for their top-tier web development services.",a month ago,2023-11-19 21:15:59.342489,,,,0,1,,https://www.google.com/maps/contrib/113768037293102756110/reviews?entry=ttu,False,,
ChIJKZmoZkUUrjsRG5hdHooWJ2Y,"Webomindapps - Web Design Company in Bangalore, Web Application Development,eCommerce Web Development",ChZDSUhNMG9nS0VJQ0FnSUM1elotakdREAE,Prerana Jain,5,Very Supportive Team and Excellent service with quick turnarounds.,2 months ago,2023-10-19 21:15:59.354490,,,,0,3,,https://www.google.com/maps/contrib/115229508373034258328/reviews?entry=ttu,False,,
ChIJKZmoZkUUrjsRG5hdHooWJ2Y,"Webomindapps - Web Design Company in Bangalore, Web Application Development,eCommerce Web Development",ChZDSUhNMG9nS0VJQ0FnSURaNVpuMVJREAE,Meena loashini vijayan,5,,2 months ago,2023-10-19 21:15:59.363491,,,,0,1,,https://www.google.com/maps/contrib/105397212367817211665/reviews?entry=ttu,False,,
ChIJKZmoZkUUrjsRG5hdHooWJ2Y,"Webomindapps - Web Design Company in Bangalore, Web Application Development,eCommerce Web Development",ChZDSUhNMG9nS0VJQ0FnSUR4Nm95ZEpnEAE,Richa Nahata,5,"I used their service to build a website for my business and I highly recommend them. They are so professional, proactive and go out of their way to make sure you have the best experience possible. I worked closely with Dileep and he is extremely patient about understanding requirements, executing them exactly as you want them to and making sure any queries are answered. He is very responsive and any problems I had were resolved quickly. Ramya was very proactive about the project and made sure everything ran smoothly without any delays. Overall, I am very impressed with them and they are an amazing company to work with.",3 months ago,2023-09-19 21:15:59.369487,,,,0,12,,https://www.google.com/maps/contrib/105531908965679691675/reviews?entry=ttu,False,,
ChIJKZmoZkUUrjsRG5hdHooWJ2Y,"Webomindapps - Web Design Company in Bangalore, Web Application Development,eCommerce Web Development",ChdDSUhNMG9nS0VJQ0FnSUNaM3A2Qnd3RRAB,Kalpesh Patkar,5,,3 months ago,2023-09-19 21:15:59.376487,,,,0,43,15,https://www.google.com/maps/contrib/105256513058221258010/reviews?entry=ttu,True,,
ChIJKZmoZkUUrjsRG5hdHooWJ2Y,"Webomindapps - Web Design Company in Bangalore, Web Application Development,eCommerce Web Development",ChZDSUhNMG9nS0VJQ0FnSURwam9fSVBBEAE,Wings innovative signages,5,"Excellent company & team for Web designing, I am Happy with there web designing for my company.",3 months ago,2023-09-19 21:15:59.390488,,,,0,13,,https://www.google.com/maps/contrib/108930577325943211093/reviews?entry=ttu,False,,
ChIJKZmoZkUUrjsRG5hdHooWJ2Y,"Webomindapps - Web Design Company in Bangalore, Web Application Development,eCommerce Web Development",ChZDSUhNMG9nS0VJQ0FnSURwaE9IWkV3EAE,Badari Prasad,5,"I had a great experience with Webomindapps. They created a beautiful and unique website for my business that met all my requirements and expectations. They also provided excellent customer service throughout the process, answering all my queries and making sure I was satisfied with the final product. I highly recommend them to anyone looking for a professional and creative web design company.",4 months ago,2023-08-19 21:15:59.414488,,,,1,44,247,https://www.google.com/maps/contrib/108918517165246151446/reviews?entry=ttu,True,,
ChIJKZmoZkUUrjsRG5hdHooWJ2Y,"Webomindapps - Web Design Company in Bangalore, Web Application Development,eCommerce Web Development",ChdDSUhNMG9nS0VJQ0FnSUNwMjZYSDRnRRAB,Dileep Kumar,5,"Best website Builders in Bangalore. They have a bunch of technical peoples in Webomindapps. Hassle free support. This is my second order for website, Overall satisfied. you can trust them and handover projects... Thanks Ramya Krishnappa and Subindu",4 months ago,2023-08-19 21:16:00.461490,,,,0,4,11,https://www.google.com/maps/contrib/110777784984182524324/reviews?entry=ttu,False,,
ChIJKZmoZkUUrjsRG5hdHooWJ2Y,"Webomindapps - Web Design Company in Bangalore, Web Application Development,eCommerce Web Development",ChdDSUhNMG9nS0VJQ0FnSUNwNDVQaHNBRRAB,Raju A,5,Excellent service provided by webomindapps. Thanks your support.,4 months ago,2023-08-19 21:16:00.480489,,,,0,2,2,https://www.google.com/maps/contrib/104116373405472576116/reviews?entry=ttu,False,,
ChIJKZmoZkUUrjsRG5hdHooWJ2Y,"Webomindapps - Web Design Company in Bangalore, Web Application Development,eCommerce Web Development",ChdDSUhNMG9nS0VJQ0FnSUNwby1YWTN3RRAB,Akash kittur,5,"Superb team, Good website developers",4 months ago,2023-08-19 21:16:00.498492,,,,0,12,,https://www.google.com/maps/contrib/103015331956402311799/reviews?entry=ttu,False,,
ChIJKZmoZkUUrjsRG5hdHooWJ2Y,"Webomindapps - Web Design Company in Bangalore, Web Application Development,eCommerce Web Development",ChdDSUhNMG9nS0VJQ0FnSUNwemFHZF93RRAB,Sanjay S,5,"I had the pleasure of working with Webomindapps, for the creation of my companys website, and the experience was truly exceptional. From the very beginning, their team demonstrated a deep understanding of our brand and objectives, which translated into a website that exceeded our expectations. Highly recommended if you are looking for the best website design for your business.",4 months ago,2023-08-19 21:16:00.522491,,,,0,2,,https://www.google.com/maps/contrib/112473644676675781118/reviews?entry=ttu,False,,
ChIJKZmoZkUUrjsRG5hdHooWJ2Y,"Webomindapps - Web Design Company in Bangalore, Web Application Development,eCommerce Web Development",ChdDSUhNMG9nS0VJQ0FnSUNwOWVpbzl3RRAB,Mohamed Badawy,5,,4 months ago,2023-08-19 21:16:00.539489,,,,0,55,3,https://www.google.com/maps/contrib/100472076022115598555/reviews?entry=ttu,True,,
ChIJKZmoZkUUrjsRG5hdHooWJ2Y,"Webomindapps - Web Design Company in Bangalore, Web Application Development,eCommerce Web Development",ChdDSUhNMG9nS0VJQ0FnSUNwNnVEZ25BRRAB,Chatiri jayanth sagar,5,"They are professional, fast reacting and easily accessible.",4 months ago,2023-08-19 21:16:00.555489,,,,1,1,,https://www.google.com/maps/contrib/100769971191791435662/reviews?entry=ttu,False,,
ChIJKZmoZkUUrjsRG5hdHooWJ2Y,"Webomindapps - Web Design Company in Bangalore, Web Application Development,eCommerce Web Development",ChZDSUhNMG9nS0VJQ0FnSURKN2ZhRlJnEAE,sreejesh niramannil,5,"I worked with Webomind for developing a digital magazine, they are a great team very sincere, and provided me with a great platform.",4 months ago,2023-08-19 21:16:00.571486,,,,0,6,,https://www.google.com/maps/contrib/109098171707646730830/reviews?entry=ttu,False,,
ChIJKZmoZkUUrjsRG5hdHooWJ2Y,"Webomindapps - Web Design Company in Bangalore, Web Application Development,eCommerce Web Development",ChZDSUhNMG9nS0VJQ0FnSURKMWFmdkRnEAE,madhu nallapeta,5,Designed My website from Webomindapps and these guys did a wonderful Job.. Job was completed according to the said time and gave Us the output what we were expecting... Highly recommended,4 months ago,2023-08-19 21:16:00.597541,,,,0,9,16,https://www.google.com/maps/contrib/109224703263802972059/reviews?entry=ttu,False,,
ChIJKZmoZkUUrjsRG5hdHooWJ2Y,"Webomindapps - Web Design Company in Bangalore, Web Application Development,eCommerce Web Development",ChZDSUhNMG9nS0VJQ0FnSUNKeHZuV05REAE,Raghavendra B.P.,4,,5 months ago,2023-07-19 21:16:00.620556,,,,0,37,3,https://www.google.com/maps/contrib/114017195921030496865/reviews?entry=ttu,True,,
ChIJKZmoZkUUrjsRG5hdHooWJ2Y,"Webomindapps - Web Design Company in Bangalore, Web Application Development,eCommerce Web Development",ChdDSUhNMG9nS0VJQ0FnSUNKbElMRmtRRRAB,Maria Jeejo,5,Working with webomindapps has been a delight.They created impressive website and are very professional. I highly recommend them.,5 months ago,2023-07-19 21:16:00.637548,,,,0,2,,https://www.google.com/maps/contrib/105590347949942683897/reviews?entry=ttu,False,,
ChIJwbNTDUQUrjsRCrKZ4KUQEUA,"Vistas - Web Design Company in Bangalore, Web Development, SEO Services, Digital Marketing, eCommerce Website Developers",ChZDSUhNMG9nS0VJQ0FnSUQ1cnUtS1VREAE,Jagannath Rishi,5,,a month ago,2023-11-19 21:16:01.803912,"Dear Sir, Thank you for your review. we look forward to working with you again.",a month ago,2023-11-19 21:16:01.803912,0,8,2,https://www.google.com/maps/contrib/104682723153439979983/reviews?entry=ttu,False,,
ChIJwbNTDUQUrjsRCrKZ4KUQEUA,"Vistas - Web Design Company in Bangalore, Web Development, SEO Services, Digital Marketing, eCommerce Website Developers",ChZDSUhNMG9nS0VJQ0FnSUM1b3BYc1h3EAE,Raj Mahto,5,Our ecommerce design development by Vistas team is the best easily much better than our competitors. Good work team. Keep it up.,2 months ago,2023-10-19 21:16:01.815914,"Dear Raj, It was a pleasure working with you and we look forward to a long and fruitful association. Team Vistas",a month ago,2023-11-19 21:16:01.815914,0,1,,https://www.google.com/maps/contrib/111086787350757961961/reviews?entry=ttu,False,,
ChIJwbNTDUQUrjsRCrKZ4KUQEUA,"Vistas - Web Design Company in Bangalore, Web Development, SEO Services, Digital Marketing, eCommerce Website Developers",ChZDSUhNMG9nS0VJQ0FnSUM1dEx5UU1BEAE,Santraj Kumar,5,SEO showed results within 60 days. We are pleased to receive calls from customers for our services. Thank you SEO team at Vistas.,2 months ago,2023-10-19 21:16:01.826915,"Dear Mr. Kumar, Thank you for taking the time to write this review. We look forward to working with you again. Team Vistas AD Media Communications",a month ago,2023-11-19 21:16:01.826915,0,2,,https://www.google.com/maps/contrib/114720867903626470477/reviews?entry=ttu,False,,
ChIJwbNTDUQUrjsRCrKZ4KUQEUA,"Vistas - Web Design Company in Bangalore, Web Development, SEO Services, Digital Marketing, eCommerce Website Developers",ChZDSUhNMG9nS0VJQ0FnSUNaNGVTT2JREAE,mohammed saleem,4,,3 months ago,2023-09-19 21:16:01.864919,"Dear Sir, Thankyou for taking the time to post this review. We look forward to work with you again in the near future. Team Vistas AD Media Communications",3 months ago,2023-09-19 21:16:01.864919,0,53,34,https://www.google.com/maps/contrib/112903811569712720728/reviews?entry=ttu,True,,
ChIJwbNTDUQUrjsRCrKZ4KUQEUA,"Vistas - Web Design Company in Bangalore, Web Development, SEO Services, Digital Marketing, eCommerce Website Developers",ChZDSUhNMG9nS0VJQ0FnSURKajdYTkRnEAE,Jagadeesh Hebbar,5,"Very professional designing work, we thank you vistas",4 months ago,2023-08-19 21:16:01.876915,"Dear Sir, We are delighted your experience with our web design services was professional. We are grateful you took the time to post this review. We look forward to working with you again in the near future. Team Vistas AD Media Communications",4 months ago,2023-08-19 21:16:01.876915,0,1,,https://www.google.com/maps/contrib/108965900227837467758/reviews?entry=ttu,False,,
ChIJwbNTDUQUrjsRCrKZ4KUQEUA,"Vistas - Web Design Company in Bangalore, Web Development, SEO Services, Digital Marketing, eCommerce Website Developers",ChZDSUhNMG9nS0VJQ0FnSURKaV9QbVFREAE,Abhishek Anjani,5,The no. 1 in web development. We rate Vistas highly for their web design and development capabilities. We recommend Vistas for any challenging web development project. We will certainly send more assignments your way soon Vistas,4 months ago,2023-08-19 21:16:01.888913,"Dear Sir, Thank you for the generous acknowledgement of our work. We look forward to working with you again soon. Team Vistas AD Media Communications",4 months ago,2023-08-19 21:16:01.888913,1,5,,https://www.google.com/maps/contrib/113466914439684204921/reviews?entry=ttu,False,,
ChIJwbNTDUQUrjsRCrKZ4KUQEUA,"Vistas - Web Design Company in Bangalore, Web Development, SEO Services, Digital Marketing, eCommerce Website Developers",ChdDSUhNMG9nS0VJQ0FnSURKcHJmazJRRRAB,Kumara kumar,5,"Ee are pleased that ee receiver complete solutions from content, concept, web design and web development. That made the world easier with the knowledge that ee are in expert hands. Ee will be back with more requirements.",5 months ago,2023-07-19 21:16:01.901917,"Dear Sir, We are pleased that you consider our web design and web development solutions as comprehensive. We are honoured to have worked with you. Team Vistas AD Media Communications",5 months ago,2023-07-19 21:16:01.901917,0,2,,https://www.google.com/maps/contrib/105557660382911573167/reviews?entry=ttu,False,,
ChIJwbNTDUQUrjsRCrKZ4KUQEUA,"Vistas - Web Design Company in Bangalore, Web Development, SEO Services, Digital Marketing, eCommerce Website Developers",ChZDSUhNMG9nS0VJQ0FnSURKcHYyR1JBEAE,Mahesha hm Mahesha hm,5,Web development team at Vistas did an exemplary job on our website project. Keep up the good work team,5 months ago,2023-07-19 21:16:01.932916,"Dear Sir, We are delighted that you rate our web development effort as exemplary. We look forward to working with you again. Team Vistas AD Media Communications",5 months ago,2023-07-19 21:16:01.932916,0,1,,https://www.google.com/maps/contrib/113569244987991422703/reviews?entry=ttu,False,,
ChIJwbNTDUQUrjsRCrKZ4KUQEUA,"Vistas - Web Design Company in Bangalore, Web Development, SEO Services, Digital Marketing, eCommerce Website Developers",ChdDSUhNMG9nS0VJQ0FnSUNKeElldHNRRRAB,Anushka Michael,5,,5 months ago,2023-07-19 21:16:01.951927,"Dear Madam, We are pleased with your appreciation of of efforts on the website design project. We look forward to working with you again in the near future. Team Vistas AD Media Communications",5 months ago,2023-07-19 21:16:01.951927,0,4,1,https://www.google.com/maps/contrib/105961139892883593863/reviews?entry=ttu,False,,
ChIJwbNTDUQUrjsRCrKZ4KUQEUA,"Vistas - Web Design Company in Bangalore, Web Development, SEO Services, Digital Marketing, eCommerce Website Developers",ChZDSUhNMG9nS0VJQ0FnSUR4anNMNk5nEAE,Tapash Baishnab,5,,6 months ago,2023-06-19 21:16:01.968916,"Dear Sir, The eCommerce web development project we completed for you was highly interesting with all its new, innovative features and functions. Be assured that we are at your service any time. Team Vistas AD Media Communications.",5 months ago,2023-07-19 21:16:01.968916,0,1,,https://www.google.com/maps/contrib/110242719905198499071/reviews?entry=ttu,False,,
ChIJwbNTDUQUrjsRCrKZ4KUQEUA,"Vistas - Web Design Company in Bangalore, Web Development, SEO Services, Digital Marketing, eCommerce Website Developers",ChdDSUhNMG9nS0VJQ0FnSUNoellPaXpRRRAB,Manjunath P C Manju,5,,10 months ago,2023-02-19 21:16:03.015788,"Dear Sir, We thank you for the appreciation. Team Vistas",9 months ago,2023-03-19 21:16:03.015788,0,60,4,https://www.google.com/maps/contrib/110407334457298404901/reviews?entry=ttu,True,,
ChIJwbNTDUQUrjsRCrKZ4KUQEUA,"Vistas - Web Design Company in Bangalore, Web Development, SEO Services, Digital Marketing, eCommerce Website Developers",ChZDSUhNMG9nS0VJQ0FnSUNoN0pTMkpREAE,jeevi jeevitha,5,Excellent web development company Vistas team provided new features and functions for our web development project.,10 months ago,2023-02-19 21:16:03.033791,"Madam, We are pleased the web development project we worked with you is a success. Team Vistas AD Media Communications",10 months ago,2023-02-19 21:16:03.033791,0,6,,https://www.google.com/maps/contrib/100703411536462978636/reviews?entry=ttu,False,,
ChIJwbNTDUQUrjsRCrKZ4KUQEUA,"Vistas - Web Design Company in Bangalore, Web Development, SEO Services, Digital Marketing, eCommerce Website Developers",ChdDSUhNMG9nS0VJQ0FnSUNCMzdyTjF3RRAB,Shwetha k,1,,11 months ago,2023-01-19 21:16:03.049795,"Madam, We dont recall having met you at any time. You must have posted this as a mistake. Team Vistas AD Media Communications",5 months ago,2023-07-19 21:16:03.049795,0,55,8,https://www.google.com/maps/contrib/114652631091837298565/reviews?entry=ttu,True,,
ChIJwbNTDUQUrjsRCrKZ4KUQEUA,"Vistas - Web Design Company in Bangalore, Web Development, SEO Services, Digital Marketing, eCommerce Website Developers",ChZDSUhNMG9nS0VJQ0FnSUMtNzllb2F3EAE,Kumar Ramachandran,5,,a year ago,2022-12-19 21:16:03.056789,"Dear Sir, We are pleased the project we worked on with you was successful. We look forward to working with you again in the near future. Team Vistas AD Media Communications",a year ago,2022-12-19 21:16:03.056789,0,86,9,https://www.google.com/maps/contrib/110427282131814446972/reviews?entry=ttu,True,,
ChIJwbNTDUQUrjsRCrKZ4KUQEUA,"Vistas - Web Design Company in Bangalore, Web Development, SEO Services, Digital Marketing, eCommerce Website Developers",ChZDSUhNMG9nS0VJQ0FnSUMtcTRtdVRBEAE,Ambika,5,Vistas team delivered excellent web design and content writing for our corporate website. Digital marketing work is in progress and we are equelly thrilled with the output. Talented and dependable team. Keep up the good work,a year ago,2022-12-19 21:16:03.067793,"Madam, We are delighted you found our efforts excellent, this is high motivation and we will continue to make every effort to deleiver excellence. Team Vistas AD Media Communications",a year ago,2022-12-19 21:16:03.067793,0,2,,https://www.google.com/maps/contrib/101409140606586252492/reviews?entry=ttu,False,,
ChIJwbNTDUQUrjsRCrKZ4KUQEUA,"Vistas - Web Design Company in Bangalore, Web Development, SEO Services, Digital Marketing, eCommerce Website Developers",ChZDSUhNMG9nS0VJQ0FnSUN1Xzh6WlJREAE,hiteshkumar chavda,5,,a year ago,2022-12-19 21:16:03.078790,"Dear Sir, All our efforts are focused on delivering web design and web development excellence and your complete satisfaction as expressed in your rating is the affirmation we seek. Vistas AD Media Communications Team",a year ago,2022-12-19 21:16:03.078790,0,26,59,https://www.google.com/maps/contrib/108269228022090836108/reviews?entry=ttu,True,,
ChIJwbNTDUQUrjsRCrKZ4KUQEUA,"Vistas - Web Design Company in Bangalore, Web Development, SEO Services, Digital Marketing, eCommerce Website Developers",ChdDSUhNMG9nS0VJQ0FnSURPdXRMUG1nRRAB,Manu HN,5,"Vistas web development team are knowledgeable and their web development services are highly efficient. Importantly, the web design team are creative. We are pleased with the results from team Vistas",a year ago,2022-12-19 21:16:03.117792,"Dear Sir, Your guidance helped us achieve web development excellence in this project. Our experience of working with you was inspiring. Thank you for your observations. Vistas AD Media Communications Team",a year ago,2022-12-19 21:16:03.117792,1,1,,https://www.google.com/maps/contrib/118195209794418779298/reviews?entry=ttu,False,,
ChIJwbNTDUQUrjsRCrKZ4KUQEUA,"Vistas - Web Design Company in Bangalore, Web Development, SEO Services, Digital Marketing, eCommerce Website Developers",ChdDSUhNMG9nS0VJQ0FnSUNPc01hWDZBRRAB,Ajaya Prasad Mohanty,3,Vistas provide web design and development work,a year ago,2022-12-19 21:16:03.139796,"Dear Ajay, We are glad you find our services satisfactory. Vistas AD Media Communications Team",a year ago,2022-12-19 21:16:03.139796,0,56,17,https://www.google.com/maps/contrib/104449131305233546049/reviews?entry=ttu,True,,
ChIJwbNTDUQUrjsRCrKZ4KUQEUA,"Vistas - Web Design Company in Bangalore, Web Development, SEO Services, Digital Marketing, eCommerce Website Developers",ChdDSUhNMG9nS0VJQ0FnSUMyc1luYXJnRRAB,doctor birth,5,Good,a year ago,2022-12-19 21:16:03.161793,"Dear Sir, We are pleased you found our services satisfactory. Vistas AD Media Communications Team",a year ago,2022-12-19 21:16:03.161793,0,1,20,https://www.google.com/maps/contrib/101780206991342609644/reviews?entry=ttu,False,,
ChIJwbNTDUQUrjsRCrKZ4KUQEUA,"Vistas - Web Design Company in Bangalore, Web Development, SEO Services, Digital Marketing, eCommerce Website Developers",ChZDSUhNMG9nS0VJQ0FnSURtdjYyTGNBEAE,Satheshkumar s,5,Unique and high impact logo was designed by logo design company Vistas. We are pleased with our new logo all thanks to the talented logo designers. Thanks Team for your Awesome work.,a year ago,2022-12-19 21:16:03.183788,"Dear Sir, We were thrilled to work with you on this creative logo development project. Vistas AD Media Communications Team",a year ago,2022-12-19 21:16:03.183788,0,11,31,https://www.google.com/maps/contrib/108365843295092502229/reviews?entry=ttu,True,,
ChIJldXjtycVrjsRVcBF1rkF91k,W3 Dream Solutions (Website Development Company in Bangalore),ChdDSUhNMG9nS0VJQ0FnSURGeVBHNDV3RRAB,Mari Debbarma,5,,a month ago,2023-11-19 21:16:05.692793,Thanks for your valuable time and rating.,a month ago,2023-11-19 21:16:05.692793,0,,,,,,
ChIJldXjtycVrjsRVcBF1rkF91k,W3 Dream Solutions (Website Development Company in Bangalore),ChdDSUhNMG9nS0VJQ0FnSURGeUpISzdRRRAB,Rahul Reddy R,5,,a month ago,2023-11-19 21:16:05.707804,Thanks for your valuable time and rating.,a month ago,2023-11-19 21:16:05.707804,0,,,,,,
ChIJldXjtycVrjsRVcBF1rkF91k,W3 Dream Solutions (Website Development Company in Bangalore),ChZDSUhNMG9nS0VJQ0FnSURGeU43bktREAE,Sobnika Mayanglambam,5,Nice place,a month ago,2023-11-19 21:16:05.719800,Thanks for your valuable rating,a month ago,2023-11-19 21:16:05.719800,0,1,,https://www.google.com/maps/contrib/105378234282804011089/reviews?entry=ttu,False,,
ChIJldXjtycVrjsRVcBF1rkF91k,W3 Dream Solutions (Website Development Company in Bangalore),ChZDSUhNMG9nS0VJQ0FnSURGeU03SkhnEAE,Maaz Ali,5,,a month ago,2023-11-19 21:16:05.735792,Thanks for your valuable time and rating,a month ago,2023-11-19 21:16:05.735792,0,,,,,,
ChIJldXjtycVrjsRVcBF1rkF91k,W3 Dream Solutions (Website Development Company in Bangalore),ChdDSUhNMG9nS0VJQ0FnSURGeUtyMGlnRRAB,Payel Tripura,5,,a month ago,2023-11-19 21:16:05.753786,Thanks for your valuable time and rating,a month ago,2023-11-19 21:16:05.753786,0,,,,,,
ChIJldXjtycVrjsRVcBF1rkF91k,W3 Dream Solutions (Website Development Company in Bangalore),ChdDSUhNMG9nS0VJQ0FnSURGeU5LZ3VnRRAB,Sayelti Tripura,5,,a month ago,2023-11-19 21:16:05.765791,Thanks for your valuable review,a month ago,2023-11-19 21:16:05.765791,0,,,,,,
ChIJldXjtycVrjsRVcBF1rkF91k,W3 Dream Solutions (Website Development Company in Bangalore),ChdDSUhNMG9nS0VJQ0FnSURGeU1MWXFRRRAB,Tae Tae,5,,a month ago,2023-11-19 21:16:05.774790,Thanks for your valuable time and rating.,a month ago,2023-11-19 21:16:05.774790,0,,,,,,
ChIJldXjtycVrjsRVcBF1rkF91k,W3 Dream Solutions (Website Development Company in Bangalore),ChdDSUhNMG9nS0VJQ0FnSURGeU15MDBnRRAB,Renbi Humtsoe,5,,a month ago,2023-11-19 21:16:05.784788,Thanks for your valuable time and rating.,a month ago,2023-11-19 21:16:05.784788,0,3,,https://www.google.com/maps/contrib/100899803178992987852/reviews?entry=ttu,False,,
ChIJldXjtycVrjsRVcBF1rkF91k,W3 Dream Solutions (Website Development Company in Bangalore),ChdDSUhNMG9nS0VJQ0FnSURGaVA3X3BRRRAB,SUBHASHINI CHINNASWAMY,5,,a month ago,2023-11-19 21:16:05.795788,Thanks for your valuable time and rating,a month ago,2023-11-19 21:16:05.795788,0,,,,,,
ChIJldXjtycVrjsRVcBF1rkF91k,W3 Dream Solutions (Website Development Company in Bangalore),ChZDSUhNMG9nS0VJQ0FnSURGaUk2eFpBEAE,Abhijit Tripura,5,,a month ago,2023-11-19 21:16:05.812790,Thanks for your valuable time and rating,a month ago,2023-11-19 21:16:05.812790,0,,,,,,
ChIJldXjtycVrjsRVcBF1rkF91k,W3 Dream Solutions (Website Development Company in Bangalore),ChdDSUhNMG9nS0VJQ0FnSURGaU1iUDlnRRAB,Divya Jadhav,5,,a month ago,2023-11-19 21:16:07.837792,Thanks for your valuable time and rating,a month ago,2023-11-19 21:16:07.837792,0,,,,,,
ChIJldXjtycVrjsRVcBF1rkF91k,W3 Dream Solutions (Website Development Company in Bangalore),ChZDSUhNMG9nS0VJQ0FnSURGaU5UaVNBEAE,Amar Murasing,5,,a month ago,2023-11-19 21:16:07.858790,Thanks for your valuable time and rating,a month ago,2023-11-19 21:16:07.858790,0,,,,,,
ChIJldXjtycVrjsRVcBF1rkF91k,W3 Dream Solutions (Website Development Company in Bangalore),ChZDSUhNMG9nS0VJQ0FnSURGaUpTU1FREAE,Jesica Saitawl,5,nice,a month ago,2023-11-19 21:16:07.877788,Thanks for your valuable rating and review.,a month ago,2023-11-19 21:16:07.877788,0,1,,https://www.google.com/maps/contrib/109356786102951896145/reviews?entry=ttu,False,,
ChIJldXjtycVrjsRVcBF1rkF91k,W3 Dream Solutions (Website Development Company in Bangalore),ChZDSUhNMG9nS0VJQ0FnSURGaUlTYVRREAE,indu sreenivas2806,5,,a month ago,2023-11-19 21:16:07.899798,Thanks for your valuable time and rating.,a month ago,2023-11-19 21:16:07.899798,0,,,,,,
ChIJldXjtycVrjsRVcBF1rkF91k,W3 Dream Solutions (Website Development Company in Bangalore),ChdDSUhNMG9nS0VJQ0FnSURGaU5qRjlRRRAB,Manaj Tripura,5,,a month ago,2023-11-19 21:16:07.920795,Thanks for your valuable time and rating,a month ago,2023-11-19 21:16:07.920795,0,,,,,,
ChIJldXjtycVrjsRVcBF1rkF91k,W3 Dream Solutions (Website Development Company in Bangalore),ChZDSUhNMG9nS0VJQ0FnSURGaU9qS1R3EAE,Prasad Reddy,5,,a month ago,2023-11-19 21:16:07.941792,Thanks for your valuable time and rating.,a month ago,2023-11-19 21:16:07.941792,0,,,,,,
ChIJldXjtycVrjsRVcBF1rkF91k,W3 Dream Solutions (Website Development Company in Bangalore),ChZDSUhNMG9nS0VJQ0FnSURGaUxEOUhBEAE,nuha tripura,5,,a month ago,2023-11-19 21:16:07.961794,Thanks for your valuable time and rating.,a month ago,2023-11-19 21:16:07.961794,0,,,,,,
ChIJldXjtycVrjsRVcBF1rkF91k,W3 Dream Solutions (Website Development Company in Bangalore),ChZDSUhNMG9nS0VJQ0FnSURGaU9ER0l3EAE,TON ZA,5,,a month ago,2023-11-19 21:16:07.994791,Thanks for your valuable time and rating,a month ago,2023-11-19 21:16:07.994791,0,,,,,,
ChIJldXjtycVrjsRVcBF1rkF91k,W3 Dream Solutions (Website Development Company in Bangalore),ChdDSUhNMG9nS0VJQ0FnSURGOEstVjZnRRAB,vivekanand,5,,a month ago,2023-11-19 21:16:08.018790,Thanks for your valuable time and rating.,a month ago,2023-11-19 21:16:08.018790,0,5,1,https://www.google.com/maps/contrib/107321177491343364925/reviews?entry=ttu,False,,
ChIJldXjtycVrjsRVcBF1rkF91k,W3 Dream Solutions (Website Development Company in Bangalore),ChdDSUhNMG9nS0VJQ0FnSUNGcnMteGlRRRAB,Aelina Official,5,,a month ago,2023-11-19 21:16:08.038792,"Dear Aelina Maam, Thank you so much for your valuable ratings.",a month ago,2023-11-19 21:16:08.038792,0,,,,,,
